City_ID,City,Lat,Lng,Max Temp,Humidity,Cloudiness,Wind Speed,Country,Date
0,bethel,41.3712,-73.414,22.09,53,100,2.57,US,1686007102
1,port-aux-francais,-49.35,70.2167,3.0,63,52,16.84,TF,1686007102
2,alaghsas,17.0187,8.0168,33.67,13,27,4.46,NE,1686007103
3,rongelap,11.1635,166.8941,27.85,78,72,7.37,MH,1686007103
4,tazacorte,28.629,-17.9293,22.54,91,0,6.17,ES,1686007103
5,port elizabeth,-33.918,25.5701,9.16,81,0,1.03,ZA,1686007103
6,arteche,12.2645,125.4048,27.35,85,35,0.68,PH,1686007103
7,udachny,66.4167,112.4,1.36,80,92,6.12,RU,1686007103
8,nova sintra,14.8667,-24.7167,20.75,80,8,1.8,CV,1686007104
9,kiunga,-6.1219,141.2906,25.67,92,90,0.33,PG,1686007104
10,ilulissat,69.2167,-51.1,0.01,74,75,6.17,GL,1686007104
11,blackmans bay,-43.0167,147.3167,10.41,87,77,4.57,AU,1686007104
12,adamstown,-25.066,-130.1015,20.81,60,58,9.09,PN,1686007104
13,isafjordur,66.0755,-23.124,5.57,91,100,1.45,IS,1686007105
14,vilyuchinsk,52.9306,158.4028,11.15,90,100,1.12,RU,1686007105
15,olonkinbyen,70.9221,-8.7187,-0.1,84,57,3.06,SJ,1686007105
16,huancavelica,-12.7667,-74.9833,2.97,81,93,2.69,PE,1686007105
17,waitangi,-43.9535,-176.5597,10.46,82,100,0.89,NZ,1686007105
18,villa ojo de agua,-29.5,-63.6938,12.49,83,95,3.47,AR,1686007106
19,kingisepp,59.3733,28.6134,9.46,72,41,3.73,RU,1686007106
20,georgetown,5.4112,100.3354,26.96,89,40,3.09,MY,1686006838
21,howrah,22.5892,88.3103,30.0,84,20,1.54,IN,1686007106
22,holualoa,19.6228,-155.9522,25.86,73,40,4.63,US,1686007106
23,badger,64.8,-147.5333,22.14,27,20,2.06,US,1686007106
24,jamestown,42.097,-79.2353,20.01,45,0,2.06,US,1686006974
25,aykhal,66.0,111.5,0.81,92,98,6.49,RU,1686007107
26,ust-nera,64.5667,143.2,15.32,36,53,1.88,RU,1686007108
27,tura,25.5198,90.2201,25.32,55,0,2.09,IN,1686007108
28,enewetak,11.3474,162.3373,27.95,79,86,3.82,MH,1686007108
29,gornopravdinsk,60.05,69.9,13.3,82,2,2.42,RU,1686007108
30,la ronge,55.1001,-105.2842,31.14,35,75,3.09,CA,1686007108
31,longyearbyen,78.2186,15.6401,2.91,70,20,5.66,SJ,1686007108
32,plouzane,48.3833,-4.6167,13.1,88,0,5.66,FR,1686006871
33,invercargill,-46.4,168.35,5.86,84,29,1.85,NZ,1686007037
34,puerto natales,-51.7236,-72.4875,1.72,93,45,1.13,CL,1686007109
35,bilibino,68.0546,166.4372,11.31,55,100,1.81,RU,1686007109
36,yellowknife,62.456,-114.3525,21.29,56,75,3.6,CA,1686007022
37,port lincoln,-34.7333,135.8667,15.23,66,0,7.14,AU,1686007109
38,rexburg,43.826,-111.7897,24.99,31,0,3.6,US,1686006905
39,edinburgh of the seven seas,-37.0676,-12.3116,12.01,78,100,10.88,SH,1686007109
40,porto novo,6.4965,2.6036,27.9,82,97,4.03,BJ,1686007110
41,thompson,55.7435,-97.8558,26.09,53,75,3.09,CA,1686007110
42,kavaratti,10.5669,72.642,29.2,73,98,5.13,IN,1686007110
43,dolinsk,47.35,142.8,14.65,59,45,2.29,RU,1686007110
44,floro,61.5996,5.0328,9.98,81,100,4.63,NO,1686007110
45,albany,42.6001,-73.9662,20.36,50,100,2.89,US,1686007027
46,hatta,24.1167,79.6,31.08,32,0,1.09,IN,1686007111
47,ushuaia,-54.8,-68.3,2.81,87,0,1.54,AR,1686006877
48,hartford city,40.4511,-85.37,26.49,29,11,0.89,US,1686007111
49,margate,51.3813,1.3862,11.61,75,11,4.02,GB,1686007111
50,dili,-8.5586,125.5736,25.1,51,90,1.7,TL,1686007111
51,wailua homesteads,22.0669,-159.378,27.14,72,0,4.12,US,1686007112
52,ebon,4.582,168.6964,28.84,77,92,5.7,MH,1686007112
53,bardai,11.65,7.2333,27.57,59,83,4.9,NG,1686007112
54,hadibu,12.65,54.0333,29.0,77,99,5.06,YE,1686007112
55,bengkulu,-3.8004,102.2655,23.44,92,52,1.45,ID,1686007112
56,san juan de miraflores,-12.1629,-76.9635,22.29,81,20,3.04,PE,1686007112
57,praia da vitoria,38.7333,-27.0667,19.14,88,75,6.37,PT,1686007113
58,vorkuta,67.5,64.0,8.44,69,14,6.7,RU,1686007113
59,usogorsk,63.4106,48.6872,8.0,85,77,4.25,RU,1686007113
60,margaret river,-33.95,115.0667,10.74,71,100,10.49,AU,1686007113
61,haiku-pauwela,20.9219,-156.3051,28.01,51,40,11.32,US,1686007113
62,hassan,13.0006,76.0994,21.54,90,96,5.5,IN,1686007113
63,yaren,-0.5472,166.916,28.92,75,70,5.65,NR,1686007113
64,totness,5.8833,-56.3167,25.68,90,71,3.42,SR,1686007113
65,iqaluit,63.7506,-68.5145,2.61,74,75,2.06,CA,1686007114
66,tuy hoa,13.0833,109.3,25.52,86,88,4.43,VN,1686007114
67,kuruman,-27.4524,23.4325,7.11,40,6,3.82,ZA,1686007114
68,ilha de mocambique,-15.0342,40.7358,25.48,71,0,3.8,MZ,1686007114
69,katabu,-4.9333,122.5167,23.95,85,29,1.62,ID,1686007114
70,santiago de cao,-7.9589,-79.2392,23.07,83,83,3.09,PE,1686007114
71,mount isa,-20.7333,139.5,21.87,56,2,0.0,AU,1686007114
72,ninghai,29.2892,121.4247,21.95,98,100,1.9,CN,1686007115
73,grytviken,-54.2811,-36.5092,2.36,97,100,2.04,GS,1686007115
74,rosso,16.4986,-15.8153,24.53,57,70,5.88,SN,1686007115
75,bandarbeyla,9.4942,50.8122,27.45,82,100,10.91,SO,1686007115
76,rakops,-21.0167,24.3333,18.24,24,0,3.17,BW,1686007115
77,kon tum,14.35,108.0,21.78,99,100,0.64,VN,1686007115
78,pokrovsk,48.282,37.1758,9.09,78,1,2.91,UA,1686007115
79,mossel bay,-34.1831,22.146,7.96,65,85,2.4,ZA,1686007115
80,san borja,-14.8167,-66.85,24.14,81,24,1.45,BO,1686007116
81,eyl,7.9803,49.8164,27.6,79,98,8.68,SO,1686007116
82,punta cardon,11.6581,-70.215,29.81,69,76,6.24,VE,1686007116
83,tadine,-21.55,167.8833,22.29,74,100,7.35,NC,1686007116
84,saipan,15.1355,145.701,29.39,100,40,8.23,MP,1686007116
85,igarka,67.4667,86.5833,11.23,58,97,3.65,RU,1686007116
86,hotan,37.0997,79.9269,20.51,26,98,1.57,CN,1686007116
87,dubna,56.7333,37.1667,6.12,86,27,2.38,RU,1686007117
88,bredasdorp,-34.5322,20.0403,8.79,76,61,1.69,ZA,1686007117
89,sao vicente,-23.9631,-46.3919,22.77,26,23,0.86,BR,1686007117
90,sinabang,2.4803,96.3801,26.42,81,100,0.59,ID,1686007117
91,arraial do cabo,-22.9661,-42.0278,20.98,94,40,3.6,BR,1686007117
92,tiksi,71.6872,128.8694,1.73,95,100,1.39,RU,1686007117
93,kalmunai,7.4167,81.8167,26.86,79,84,0.79,LK,1686007117
94,puerto baquerizo moreno,-0.9,-89.6,26.04,82,91,4.95,EC,1686007118
95,zemio,5.0314,25.1361,20.09,97,91,1.24,CF,1686007118
96,sinan,34.8262,126.1086,19.06,85,99,2.45,KR,1686007118
97,stanley,54.868,-1.6985,10.85,88,75,1.54,GB,1686007118
98,karaton,-6.3424,106.1045,23.02,94,93,0.97,ID,1686007118
99,puerto ayora,-0.7393,-90.3518,26.42,94,89,2.68,EC,1686007118
100,sur,22.5667,59.5289,32.91,45,20,5.58,OM,1686007118
101,bela,25.9333,81.9833,32.22,29,23,1.23,IN,1686007119
102,mil'kovo,55.6078,37.7956,11.22,83,17,2.36,RU,1686007119
103,krupki,54.3178,29.1358,7.48,80,6,1.21,BY,1686007119
104,kolonia town,6.964,158.206,32.0,66,75,4.12,FM,1686007119
105,chu,43.5983,73.7614,18.09,48,1,4.17,KZ,1686007119
106,vila do maio,15.1333,-23.2167,23.44,79,7,1.97,CV,1686007119
107,platteville,42.7342,-90.4785,29.31,15,0,1.54,US,1686007120
108,kiruna,67.8557,20.2251,2.51,75,100,3.09,SE,1686007120
109,gizo,-8.103,156.8419,28.42,75,80,2.49,SB,1686007120
110,dudinka,69.4058,86.1778,9.79,54,100,3.72,RU,1686007120
111,mocimboa,-11.3167,40.35,22.29,88,0,1.85,MZ,1686007120
112,trincomalee,8.5711,81.2335,27.6,76,100,9.67,LK,1686007120
113,fortuna,40.5982,-124.1573,14.19,81,0,6.17,US,1686007120
114,nemuro,43.3236,145.575,10.87,81,0,0.13,JP,1686006942
115,kodiak,57.79,-152.4072,7.73,93,100,9.26,US,1686007121
116,new norfolk,-42.7826,147.0587,11.06,81,93,1.14,AU,1686007121
117,wau,7.7029,27.9953,22.46,89,76,2.39,SS,1686007121
118,tantou,26.0314,119.5986,27.87,78,0,4.0,CN,1686007121
119,novodvinsk,64.4165,40.8122,5.4,96,91,2.55,RU,1686007122
120,west island,-12.1568,96.8225,25.99,78,75,6.17,CC,1686007122
121,constantia,44.1833,28.65,12.61,62,13,4.42,RO,1686007122
122,toktogul,41.8708,72.9402,16.73,54,26,1.43,KG,1686007122
123,am timan,11.0297,20.2827,26.95,70,100,5.41,TD,1686007122
124,lebu,-37.6167,-73.65,12.88,90,99,4.0,CL,1686007122
125,bikenibeu village,1.3673,173.1241,30.98,74,20,3.6,KI,1686007122
126,kokopo,-4.352,152.2633,28.33,72,88,2.25,PG,1686007123
127,chibougamau,49.9168,-74.3659,17.79,42,75,2.57,CA,1686007123
128,crucecita,-28.95,-58.9833,19.92,91,92,3.22,AR,1686007123
129,kingston,17.997,-76.7936,30.12,79,20,3.6,JM,1686007123
130,batibo,5.8358,9.8553,19.13,99,100,0.76,CM,1686007123
131,polyarnyy,69.1989,33.4478,2.53,97,100,9.79,RU,1686007123
132,trapani,37.8333,12.6667,19.04,82,0,2.57,IT,1686007044
133,namibe,-15.1961,12.1522,19.87,64,4,4.21,AO,1686007123
134,papatowai,-46.5619,169.4708,8.76,72,21,2.05,NZ,1686007124
135,kirensk,57.7853,108.1119,8.87,82,80,5.37,RU,1686007124
136,codrington,-38.2667,141.9667,15.5,78,55,6.43,AU,1686007124
137,cabo san lucas,22.8909,-109.9124,34.78,37,0,5.66,MX,1686006944
138,zag,46.9441,99.165,11.71,54,32,1.95,MN,1686007124
139,lata,40.1629,-8.3327,18.29,84,84,0.8,PT,1686007124
140,woodward,36.4337,-99.3904,29.98,44,0,4.63,US,1686007124
141,fort bragg,35.139,-79.006,26.36,52,0,4.63,US,1686007124
142,petropavlovsk-kamchatsky,53.0452,158.6483,10.33,58,75,2.0,RU,1686007125
143,port-vila,-17.7338,168.3219,25.78,83,100,2.06,VU,1686007125
144,inirida,3.8653,-67.9239,24.43,96,90,1.18,CO,1686007125
145,cooper's town,26.8667,-77.5167,25.76,76,27,7.77,BS,1686007125
146,san antonio de pale,-1.4014,5.6325,25.1,86,81,5.33,GQ,1686007125
147,cambria,35.5641,-121.0808,18.41,82,100,0.89,US,1686007125
148,chimoio,-19.1164,33.4833,16.69,55,0,0.79,MZ,1686007125
149,crane,31.3974,-102.3501,27.62,36,73,6.35,US,1686007125
150,esmeralda,21.8525,-78.1169,28.85,71,31,2.59,CU,1686007126
151,susuman,62.7833,148.1667,14.03,38,13,4.55,RU,1686007126
152,college,64.8569,-147.8028,22.18,28,40,2.06,US,1686007126
153,hawaiian paradise park,19.5933,-154.9731,27.8,72,40,5.14,US,1686007053
154,lagoa,39.05,-27.9833,18.39,83,100,8.13,PT,1686007126
155,portland,45.5234,-122.6762,29.53,24,20,8.23,US,1686006998
156,khash,28.2211,61.2158,24.39,35,41,0.63,IR,1686007127
157,hovd,48.0056,91.6419,17.99,32,30,2.05,MN,1686007127
158,kirkland lake,48.1446,-80.0377,18.16,39,7,4.12,CA,1686007127
159,brookings,44.3114,-96.7984,30.59,40,20,0.0,US,1686007024
160,belmonte,-15.8631,-38.8828,22.85,73,0,3.22,BR,1686007127
161,puerto cabezas,14.0351,-83.3888,30.98,74,40,2.06,NI,1686007127
162,sirre,8.3167,39.4833,17.36,77,80,2.13,ET,1686007128
163,bel ombre,-4.6167,55.4167,27.91,74,40,4.63,SC,1686007128
164,grand falls-windsor,48.9332,-55.6649,11.95,83,100,3.56,CA,1686007128
165,hermanus,-34.4187,19.2345,6.56,70,32,2.17,ZA,1686007128
166,princeville,45.7668,-61.2985,9.86,98,100,7.72,CA,1686007128
167,teluk nibung,3.001,99.8164,23.93,96,100,1.46,ID,1686007128
168,jutai,-5.1833,-68.9,24.61,91,40,0.76,BR,1686007129
169,qaqortoq,60.7167,-46.0333,3.46,79,93,1.08,GL,1686007129
170,lakatoro,-16.0999,167.4164,26.87,73,92,5.62,VU,1686007129
171,kenai,60.5544,-151.2583,21.13,27,20,6.17,US,1686007129
172,paslek,54.0616,19.6593,14.75,74,0,3.45,PL,1686007129
173,vorgashor,67.5833,63.95,8.3,69,12,6.85,RU,1686007129
174,ad darb,17.7229,42.2526,32.22,54,51,1.53,SA,1686007129
175,purpe,64.4803,76.6897,13.9,74,23,8.06,RU,1686007129
176,quellon,-43.1167,-73.6167,12.14,82,75,6.17,CL,1686007130
177,ploudalmezeau,48.5333,-4.65,13.49,88,0,4.63,FR,1686007130
178,yuzhno-kurilsk,44.0306,145.8556,12.72,71,30,0.72,RU,1686007130
179,benjamin constant,-4.3831,-70.0311,27.03,78,40,3.6,BR,1686007130
180,sanming,26.2486,117.6186,26.52,85,1,0.64,CN,1686007130
181,khandyga,62.6667,135.6,15.03,58,88,2.65,RU,1686007130
182,san vicente,-26.6167,-54.1333,16.17,80,30,1.19,AR,1686007130
183,dahanu,19.9667,72.7333,28.5,81,16,4.8,IN,1686007131
184,avarua,-21.2078,-159.775,24.03,53,20,2.57,CK,1686007131
185,touros,-5.1989,-35.4608,25.45,81,36,5.18,BR,1686007131
186,marquette,46.5333,-87.6335,19.03,74,98,1.79,US,1686007131
187,daru,-9.0763,143.2092,26.93,87,85,5.07,PG,1686007131
188,buckeye,33.3703,-112.5838,41.79,6,29,8.28,US,1686006959
189,moose jaw,50.4001,-105.5344,33.14,25,20,7.2,CA,1686007131
190,al burayqah,30.4062,19.5739,26.87,45,100,7.27,LY,1686007131
191,el calafate,-50.3408,-72.2768,3.62,91,78,2.92,AR,1686007131
192,pasni,25.2631,63.471,28.78,84,55,5.97,PK,1686007132
193,whitehaven,54.549,-3.5841,13.14,85,22,1.49,GB,1686007132
194,larne,54.85,-5.8167,14.19,80,6,0.55,GB,1686007132
195,samfya,-11.3649,29.5565,16.22,67,0,2.95,ZM,1686007132
196,atafu village,-8.5421,-172.5159,28.22,74,17,2.95,TK,1686007132
197,port alfred,-33.5906,26.891,13.66,69,100,2.83,ZA,1686007132
198,mahibadhoo,3.7833,72.9667,28.23,77,99,5.49,MV,1686007132
199,ulladulla,-35.35,150.4667,13.86,74,98,2.24,AU,1686007133
200,puerto colombia,10.9878,-74.9547,30.05,76,100,4.26,CO,1686007133
201,port mathurin,-19.6833,63.4167,24.61,73,12,9.99,MU,1686007133
202,nova xavantina,-14.6667,-52.35,22.89,43,11,1.4,BR,1686007133
203,iskateley,67.6803,53.1512,4.36,75,95,10.62,RU,1686007133
204,eraan,9.0629,117.7016,26.81,85,95,3.32,PH,1686007133
205,el charco,2.4769,-78.1105,26.35,86,38,1.8,CO,1686007133
206,namtsy,62.7161,129.6658,13.45,52,26,4.53,RU,1686007133
207,vila franca do campo,37.7167,-25.4333,17.23,95,100,6.45,PT,1686007134
208,zunyi,27.6867,106.9072,16.81,90,85,0.89,CN,1686007134
209,labrador city,52.9463,-66.9114,8.95,76,75,6.17,CA,1686007134
210,cromwell,41.5951,-72.6454,21.58,60,75,2.06,US,1686007134
211,hammerfest,70.6634,23.6821,3.25,75,75,4.12,NO,1686007134
212,puerto madryn,-42.7692,-65.0385,19.64,24,67,13.58,AR,1686007045
213,arkhangel'sk,64.5401,40.5433,5.05,97,91,2.3,RU,1686007134
214,mounana,-1.4085,13.1586,21.64,96,99,1.0,GA,1686007134
215,chonchi,-42.6128,-73.8092,11.56,83,100,4.28,CL,1686007044
216,west end,26.6833,-78.9667,26.99,73,43,7.57,BS,1686007135
217,hithadhoo,-0.6,73.0833,27.89,75,97,1.58,MV,1686007135
218,monte alegre,-2.0078,-54.0692,26.72,76,100,1.75,BR,1686007135
219,utrik,11.2278,169.8474,27.28,80,97,9.1,MH,1686007135
220,kayangel,8.0823,134.7173,28.65,80,92,7.83,PW,1686007135
221,melekeok village,7.4957,134.6367,26.31,94,100,4.12,PW,1686007135
222,lihue,21.9789,-159.3672,27.47,67,0,4.12,US,1686007135
223,santa terezinha,-29.9002,-50.0904,16.16,73,92,2.06,BR,1686007136
224,prince rupert,54.3161,-130.3201,12.05,61,100,2.06,CA,1686007091
225,bar-le-duc,48.75,5.1667,14.21,64,0,3.52,FR,1686007136
226,ribeira grande,38.5167,-28.7,18.21,87,100,5.36,PT,1686007136
227,sanya,18.2431,109.505,27.09,89,20,1.0,CN,1686007136
228,sisimiut,66.9395,-53.6735,0.94,62,27,2.14,GL,1686007136
229,jian'ou,27.0469,118.3253,25.31,93,64,0.11,CN,1686007136
230,nafada,11.0956,11.3327,28.56,58,89,5.34,NG,1686007136
231,midvagur,62.0511,-7.1939,9.46,93,100,2.06,FO,1686007137
232,san andres,12.5847,-81.7006,28.01,83,20,2.06,CO,1686007137
233,jinzhou,41.1078,121.1417,22.42,37,26,6.11,CN,1686007137
234,trinidad,-14.8333,-64.9,26.99,83,20,2.06,BO,1686007137
235,paks,46.6265,18.8596,16.35,98,100,2.98,HU,1686007137
236,harnai,30.1005,67.9374,28.72,37,0,1.01,PK,1686007137
237,matthew town,20.95,-73.6667,28.56,79,10,5.55,BS,1686007137
238,tolanaro,-25.0319,46.9987,20.04,89,0,4.07,MG,1686007138
239,santa marta,11.2408,-74.199,30.5,75,75,4.12,CO,1686007013
240,ta`u,-14.2336,-169.5144,27.6,74,57,7.14,AS,1686007138
241,hami,42.8,93.45,20.38,37,0,2.18,CN,1686007138
242,selfoss,63.9331,-20.9971,7.25,74,24,3.57,IS,1686007138
243,lompoc,34.6391,-120.4579,20.08,82,100,4.63,US,1686007138
244,sinop,41.7711,34.8709,12.94,98,100,1.28,TR,1686007138
245,saldanha,-33.0117,17.9442,11.31,69,10,2.96,ZA,1686007139
246,villa canas,-34.0057,-61.6076,12.18,10,99,3.88,AR,1686007139
247,nova vicosa,-17.8919,-39.3719,22.62,69,17,2.82,BR,1686007139
248,taoudenni,22.6783,-3.9836,32.61,15,0,3.88,ML,1686007139
249,st. john's,47.5649,-52.7093,7.38,96,100,2.06,CA,1686006967
250,mtwara,-10.2667,40.1833,22.18,92,1,3.04,TZ,1686007139
251,homer,59.6425,-151.5483,13.94,60,75,3.09,US,1686007139
252,berdigestyakh,62.0989,126.6992,11.23,50,37,3.43,RU,1686007139
253,la gi,10.6667,107.7833,24.52,86,100,5.83,VN,1686007140
254,takab,36.4009,47.1133,15.71,34,92,0.8,IR,1686007140
255,kyabe,9.4515,18.9449,24.65,76,82,1.68,TD,1686007140
256,urengoy,65.9667,78.3667,15.24,90,49,4.8,RU,1686007140
257,turochak,52.2576,87.1224,16.52,88,2,1.15,RU,1686007140
258,darwin,-12.4611,130.8418,25.99,82,20,1.54,AU,1686007025
259,isiro,2.7739,27.616,19.02,100,93,1.05,CD,1686007140
260,san sebastian de la gomera,28.0916,-17.1133,22.99,88,40,2.57,ES,1686007141
261,san patricio,28.017,-97.5169,30.09,60,59,3.11,US,1686007141
262,smithers,54.7804,-127.1743,11.18,54,75,0.0,CA,1686006911
263,fort mcmurray,56.7268,-111.381,25.77,65,75,3.09,CA,1686007141
264,beira,-19.8436,34.8389,22.74,92,1,2.86,MZ,1686007141
265,luumaki,60.9262,27.5814,10.03,71,25,2.72,FI,1686007141
266,i-n-salah,27.1935,2.4607,32.33,14,7,2.29,DZ,1686007141
267,sao jose da coroa grande,-8.8978,-35.1478,25.04,83,52,2.61,BR,1686007142
268,waingapu,-9.6567,120.2641,24.39,84,32,2.16,ID,1686007142
269,lakhdenpokh'ya,61.5198,30.1992,6.17,70,77,2.93,RU,1686007142
270,mogocha,53.7333,119.7667,10.83,56,55,0.32,RU,1686007142
271,losino-petrovskiy,55.8696,38.2006,9.79,90,12,2.09,RU,1686007142
272,celestun,20.8667,-90.4,28.87,72,65,6.57,MX,1686007143
273,amasra,41.7463,32.3863,15.69,88,14,3.69,TR,1686007143
274,prieska,-29.6641,22.7474,8.6,50,82,2.12,ZA,1686007143
275,mejit,10.2753,170.8646,27.72,81,99,8.8,MH,1686007143
276,maues,-3.3836,-57.7186,26.33,76,93,0.9,BR,1686007143
277,tyazhinskiy,56.116,88.524,19.3,70,3,1.76,RU,1686007144
278,talnakh,69.4865,88.3972,9.56,66,100,4.59,RU,1686007144
279,urangan,-25.3,152.9,21.11,68,34,7.14,AU,1686007053
280,punta arenas,-53.15,-70.9167,3.06,93,0,4.12,CL,1686006958
281,turpan,42.9333,89.1667,27.1,20,1,2.02,CN,1686007144
282,byron bay,-28.65,153.6167,15.39,74,88,2.37,AU,1686007144
283,hamilton,39.1834,-84.5333,27.17,33,0,4.63,US,1686007133
284,jayapura,-2.5333,140.7,25.66,88,90,2.36,ID,1686007145
285,liepaja,56.5419,21.0367,3.99,93,0,1.54,LV,1686007145
286,la passe,45.5549,-0.8967,21.13,70,9,3.91,FR,1686007145
287,plasencia,40.0312,-6.0885,18.78,65,45,2.08,ES,1686007145
288,ambon,-3.6954,128.1814,29.08,78,40,1.03,ID,1686007145
289,aktau,43.65,51.2,21.32,87,40,4.69,KZ,1686007145
290,bata,1.8639,9.7658,25.96,85,93,3.4,GQ,1686007145
291,esperanza,19.5847,-70.9849,28.27,86,23,2.48,DO,1686007146
292,okulovka,58.4008,33.2908,8.06,80,81,3.72,RU,1686007146
293,keflavik,64.0049,-22.5624,7.95,76,75,5.14,IS,1686007146
294,lubang,13.8584,120.124,28.79,73,98,2.19,PH,1686007146
295,boali,4.8005,18.1275,20.96,99,52,1.41,CF,1686007146
296,hengchun,22.0042,120.7439,27.38,77,61,6.01,TW,1686007147
297,as sulayyil,20.4607,45.5779,31.14,16,47,2.91,SA,1686007147
298,severo-yeniseyskiy,60.3725,93.0408,14.67,91,69,0.81,RU,1686007147
299,alice springs,-23.7,133.8833,20.75,49,19,0.51,AU,1686006978
300,kavieng,-2.5744,150.7967,28.94,75,58,5.4,PG,1686007147
301,virginia,37.5481,-77.4467,24.58,52,75,4.63,US,1686007121
302,urucara,-2.5364,-57.76,26.6,79,79,1.05,BR,1686007148
303,songjiang,31.036,121.2146,19.47,81,100,3.52,CN,1686007148
304,fale old settlement,-9.3852,-171.2468,28.45,75,11,5.07,TK,1686007148
305,manaure,11.7751,-72.4445,28.62,79,98,4.62,CO,1686007148
306,port isabel,26.0734,-97.2086,27.79,74,40,3.09,US,1686007148
307,kibre mengist,5.8833,38.9833,15.02,96,91,0.68,ET,1686007148
308,thinadhoo,0.5333,72.9333,28.32,72,100,1.68,MV,1686007149
309,carnarvon,-24.8667,113.6333,19.06,58,99,7.59,AU,1686007149
310,dubai,25.2582,55.3047,34.96,34,0,1.03,AE,1686007002
311,thunder bay,48.4001,-89.3168,17.99,68,100,4.63,CA,1686006951
312,scottsboro,34.6723,-86.0341,30.36,65,72,0.46,US,1686007077
313,zeya,53.75,127.2667,12.25,90,100,2.09,RU,1686007149
314,elverum,60.8819,11.5623,13.9,56,77,2.27,NO,1686007149
315,manokwari,-0.8667,134.0833,27.38,75,74,1.73,ID,1686007149
316,yeppoon,-23.1333,150.7333,18.88,86,83,7.98,AU,1686007150
317,baoro,5.6667,15.9667,19.8,98,83,1.5,CF,1686007150
318,sao joao da barra,-21.6403,-41.0511,20.05,81,0,1.74,BR,1686007150
319,kalas,18.1667,74.8,26.65,61,18,6.96,IN,1686007150
320,gonzales,30.2385,-90.9201,25.02,80,100,0.0,US,1686007150
321,greenville,35.6127,-77.3663,26.02,43,0,1.54,US,1686007150
322,la ferte-mace,48.59,-0.358,10.81,98,9,3.27,FR,1686007151
323,coahuayana de hidalgo,18.7,-103.6583,30.64,57,2,4.01,MX,1686007151
324,mitu,1.1983,-70.1733,23.69,97,49,0.69,CO,1686007151
325,anadyr,64.75,177.4833,6.28,86,75,10.0,RU,1686007151
326,teculutan,14.9833,-89.7167,33.86,33,0,0.0,GT,1686007151
327,victoria falls,-17.9235,25.843,17.91,37,0,1.97,ZW,1686007152
328,uitenhage,-33.7576,25.3971,8.77,72,100,1.96,ZA,1686007152
329,puerto deseado,-47.7503,-65.8938,13.03,58,100,13.12,AR,1686007152
330,colonel hill,22.7667,-74.2167,27.78,82,39,4.35,BS,1686007152
331,blythe,33.6103,-114.5964,38.25,6,0,9.77,US,1686007152
332,greymouth,-42.4667,171.2,9.78,69,0,3.06,NZ,1686007148
333,malvan,16.0667,73.4667,28.23,80,37,3.78,IN,1686007152
334,east london,-33.0153,27.9116,13.99,58,99,2.5,ZA,1686007153
335,itoman,26.1247,127.6694,27.21,78,40,7.2,JP,1686007153
336,george town,5.4112,100.3354,26.96,89,40,3.09,MY,1686006993
337,acatlan de osorio,18.2,-98.05,35.25,17,1,5.96,MX,1686007153
338,saint-joseph,-21.3667,55.6167,21.93,84,21,5.19,RE,1686007153
339,ola,59.5833,151.2833,11.19,63,93,1.8,RU,1686007153
340,sebastopol,44.6,33.5333,13.89,47,88,3.58,UA,1686007153
341,kyzyl-suu,42.3414,78.0056,12.33,47,35,3.72,KG,1686007154
342,zouerate,22.7187,-12.4521,31.04,20,0,3.17,MR,1686007154
343,illizi,26.4833,8.4667,29.15,15,8,2.67,DZ,1686007154
344,katsuura,35.1333,140.3,21.99,81,100,5.35,JP,1686007154
345,znamenskoye,57.1281,73.8282,19.81,69,39,1.04,RU,1686007154
346,rolla,37.9514,-91.7713,29.08,36,0,4.12,US,1686006955
347,whitehorse,60.7161,-135.0538,15.17,54,100,3.58,CA,1686007040
348,antananarivo,-18.9137,47.5361,12.98,100,40,1.54,MG,1686006958
349,weno,7.4515,151.8468,28.97,84,100,4.12,FM,1686007155
350,fougamou,-1.2154,10.5838,23.3,95,100,0.61,GA,1686007155
351,jinchang,38.4953,102.1739,17.97,46,100,3.89,CN,1686007155
352,newman,37.3138,-121.0208,31.19,25,84,2.83,US,1686007155
353,saint-pierre,-21.3393,55.4781,22.54,78,0,2.57,RE,1686007155
354,palmer,42.1584,-72.3287,20.08,63,75,0.0,US,1686006935
355,okhotsk,59.3833,143.3,9.15,71,98,2.11,RU,1686007156
356,hirara,24.8,125.2833,26.92,89,75,7.2,JP,1686007156
357,xinyuan,37.3,99.0,5.26,78,100,1.08,CN,1686007156
358,walvis bay,-22.9575,14.5053,11.72,79,0,1.87,NA,1686006938
359,zhigalovo,54.8097,105.1578,12.91,75,64,3.75,RU,1686007157
360,mandal,25.45,74.5667,28.6,41,40,2.76,IN,1686007157
361,dodge city,37.7528,-100.0171,26.81,47,0,1.54,US,1686007157
362,onega,63.9061,38.1404,5.37,90,85,4.73,RU,1686007157
363,port saint john's,-31.6229,29.5448,14.92,56,98,2.05,ZA,1686007157
364,tuineje,28.3237,-14.0472,20.88,72,86,1.03,ES,1686007158
365,kamiiso,41.8167,140.65,18.21,77,75,3.09,JP,1686007028
366,baukau,51.5526,7.2042,17.29,68,2,1.34,DE,1686007158
367,loango,-4.6719,11.8312,22.68,91,59,1.99,CG,1686007158
368,aasiaat,68.7098,-52.8699,-0.58,81,93,4.53,GL,1686007158
369,san martin,-33.081,-68.4681,13.3,62,20,1.31,AR,1686007159
370,suolahti,62.5642,25.8536,6.87,86,15,2.16,FI,1686007159
371,port blair,11.6667,92.75,28.02,83,40,3.09,IN,1686007159
372,palangkaraya,-2.2,113.8333,23.49,98,98,0.66,ID,1686007160
373,queenstown,-31.8976,26.8753,7.28,41,100,1.4,ZA,1686007026
374,uturoa,-16.7333,-151.4333,26.74,70,1,3.4,PF,1686007160
375,ashburton,-37.8626,145.0794,16.72,81,57,4.76,AU,1686007161
376,salinopolis,-0.6136,-47.3561,25.72,87,43,4.61,BR,1686007161
377,tralee,52.2704,-9.7026,12.79,84,38,0.32,IE,1686007161
378,mar del plata,-38.0023,-57.5575,12.83,63,0,5.14,AR,1686007161
379,tchollire,8.4022,14.1698,21.71,92,100,1.28,CM,1686007161
380,kuandian,40.7286,124.7847,14.1,99,100,1.68,CN,1686007162
381,callao,-12.0667,-77.15,23.16,73,100,7.2,PE,1686007162
382,taro,-8.3862,115.28,21.03,94,71,0.87,ID,1686007162
383,pariaman,-0.619,100.12,25.03,88,100,1.5,ID,1686007162
384,yelwa,8.8333,9.6333,26.58,78,84,2.15,NG,1686007162
385,igrim,63.1906,64.4162,10.24,66,6,2.29,RU,1686007162
386,pisco,-13.7,-76.2167,21.03,73,2,6.17,PE,1686007163
387,dryden,49.7833,-92.7503,21.16,73,100,4.12,CA,1686007163
388,kapuskasing,49.4169,-82.4331,16.05,44,20,5.66,CA,1686006880
389,calvi,42.5,8.8333,15.35,88,75,1.54,FR,1686007163
390,kailua-kona,19.6406,-155.9956,27.93,73,40,4.63,US,1686006952
391,karaidel',55.8337,56.9069,8.65,72,50,1.88,RU,1686007164
392,bantogon,6.5333,124.0333,26.17,82,99,1.89,PH,1686007164
393,klyuchi,52.2667,79.1667,21.34,59,9,3.34,RU,1686007165
394,metlili chaamba,32.2667,3.6333,27.52,27,64,4.09,DZ,1686007165
395,najran,17.4924,44.1277,25.36,25,25,1.2,SA,1686007094
396,tougue,11.4667,-11.6,23.53,64,92,0.84,GN,1686007165
397,loa janan,-0.583,117.095,23.34,96,88,0.73,ID,1686007165
398,tilisarao,-32.7329,-65.2911,14.48,73,44,3.95,AR,1686007165
399,peterhead,57.5058,-1.7981,10.22,80,10,1.83,GB,1686007165
400,cururupu,-1.8283,-44.8683,23.69,95,8,1.56,BR,1686007166
401,prado,-17.3411,-39.2208,22.16,72,3,2.67,BR,1686007166
402,ende,-8.8432,121.6623,24.57,86,18,0.55,ID,1686007166
403,gadzhiyevo,69.2551,33.3362,2.4,97,100,9.84,RU,1686007166
404,sassandra,4.95,-6.0833,24.82,91,98,2.16,CI,1686007166
405,lobva,59.1854,60.5185,8.33,69,38,1.22,RU,1686007167
406,talakan,50.3167,130.3667,16.59,70,100,1.95,RU,1686007167
407,caburan,5.9181,125.6411,27.86,75,85,1.86,PH,1686007167
408,tazovsky,67.4667,78.7,7.57,97,55,4.16,RU,1686007167
409,vuktyl,63.8567,57.3094,9.03,82,35,4.69,RU,1686007167
410,okha,53.5739,142.9478,12.46,66,97,1.59,RU,1686007167
411,tsiombe,-25.3,45.4833,20.85,76,17,2.45,MG,1686007167
412,tual,-5.6667,132.75,27.28,81,56,7.23,ID,1686007168
413,robore,-18.3333,-59.75,22.34,85,54,1.18,BO,1686007168
414,clinton,42.587,-82.9199,26.73,45,75,1.54,US,1686007034
415,uglegorsk,49.0833,142.0333,12.08,68,3,3.35,RU,1686007168
416,arica,-18.475,-70.3042,19.75,72,100,4.12,CL,1686006897
417,tillaberi,14.2117,1.4531,33.21,40,89,6.5,NE,1686007168
418,tughyl,47.7252,84.2063,18.93,45,85,1.34,KZ,1686007170
419,odessa,46.4775,30.7326,17.08,55,3,1.93,UA,1686007170
420,alofi,-19.0595,-169.9187,26.94,69,75,7.2,NU,1686007170
421,fort wellington,6.4,-57.6,26.0,85,50,3.29,GY,1686007170
422,wauchope,-31.45,152.7333,15.54,64,24,0.81,AU,1686007170
423,woolgoolga,-30.1106,153.2007,16.13,67,83,1.11,AU,1686007170
424,yanchep,-31.55,115.6833,10.9,72,98,9.63,AU,1686007171
425,webster city,42.4694,-93.816,31.23,30,0,3.6,US,1686007171
426,sleman,-7.7156,110.3556,22.46,95,90,0.48,ID,1686007171
427,soio,-6.1349,12.3689,22.55,89,83,2.85,AO,1686007171
428,encruzilhada do sul,-30.5439,-52.5219,10.44,82,86,1.99,BR,1686006879
429,harper,4.375,-7.7169,25.66,87,100,3.61,LR,1686007171
430,axum,14.1245,38.7244,18.47,55,36,0.96,ET,1686007171
431,sandnessjoen,66.0217,12.6316,4.29,69,100,2.4,NO,1686007171
432,kosh-agach,50.0,88.6667,14.36,44,14,0.87,RU,1686007172
433,al bawiti,28.3492,28.8659,23.92,32,33,4.47,EG,1686007172
434,minas de marcona,-15.2119,-75.1103,14.73,78,1,4.65,PE,1686007172
435,nyrob,60.733,56.7202,7.26,84,40,1.9,RU,1686007172
436,norwalk,33.9022,-118.0817,21.77,61,100,5.66,US,1686007172
437,al artawiyah,26.5053,45.3444,29.18,32,51,4.35,SA,1686007172
438,soe,-9.8607,124.284,18.1,84,15,1.8,ID,1686007173
439,santo antonio do ica,-3.1022,-67.9397,24.23,96,56,0.66,BR,1686007173
440,vilyuysk,63.7553,121.6247,7.2,69,100,3.02,RU,1686007173
441,pimentel,-6.8367,-79.9342,25.16,73,75,7.72,PE,1686007173
442,wellawaya,6.7318,81.1018,24.19,78,97,2.49,LK,1686007174
443,bangassou,4.7413,22.8184,20.54,98,91,1.18,CF,1686007174
444,thaba-tseka,-29.522,28.6084,3.19,43,40,1.86,LS,1686007174
445,ryotsu-minato,38.0833,138.4333,20.3,68,58,3.66,JP,1686007174
446,bayanhongor,46.7167,100.1167,10.19,59,51,1.19,MN,1686007174
447,egbe,8.2167,5.5167,23.06,88,68,3.39,NG,1686007174
448,glace bay,46.1969,-59.957,8.36,97,100,6.69,CA,1686007174
449,nar'yan-mar,67.6713,53.087,4.43,74,95,10.7,RU,1686007175
450,zaragoza,41.6561,-0.8773,21.68,65,40,3.09,ES,1686007175
451,kamina,-8.7386,24.9906,18.68,55,90,0.89,CD,1686007175
452,egilsstadir,65.2653,-14.3948,7.95,71,75,4.63,IS,1686007175
453,faranah,10.0404,-10.7434,21.75,90,84,1.98,GN,1686007175
454,paita,-5.0892,-81.1144,23.75,80,8,6.62,PE,1686007175
455,lashkar gah,31.5938,64.3716,27.43,15,1,3.67,AF,1686007176
456,ancud,-41.8697,-73.8203,11.26,87,100,7.02,CL,1686007176
457,nagqu,31.5,92.0,3.03,79,78,0.83,CN,1686007179
458,qarqaraly,49.4058,75.4742,18.02,27,45,1.64,KZ,1686007179
459,esquel,-42.9,-71.3167,5.55,98,100,2.33,AR,1686007179
460,aral,40.5156,81.2636,22.15,22,2,2.04,CN,1686007179
461,ushibukamachi,32.1906,130.0228,17.92,92,100,6.49,JP,1686007179
462,ponta delgada,37.7333,-25.6667,17.4,88,40,8.23,PT,1686007179
463,happy valley-goose bay,53.3168,-60.3315,13.17,54,75,6.17,CA,1686007180
464,al 'aziziyah,32.9058,45.0616,30.57,23,43,5.1,IQ,1686007180
465,alajarvi,63.0,23.8167,4.3,82,17,2.03,FI,1686007180
466,khurda,20.1833,85.6167,27.95,83,67,1.91,IN,1686007180
467,luderitz,-26.6481,15.1594,14.32,51,0,0.12,NA,1686007180
468,machico,32.7,-16.7667,22.62,100,75,11.83,PT,1686007180
469,palikir - national government center,6.9248,158.1611,31.41,66,75,4.12,FM,1686007180
470,bathsheba,13.2167,-59.5167,27.34,89,75,3.6,BB,1686007181
471,broken hill,-31.95,141.4333,14.21,74,0,3.4,AU,1686007181
472,port macquarie,-31.4333,152.9167,15.5,69,49,1.29,AU,1686007181
473,shangqiu,34.45,115.65,20.24,71,2,4.4,CN,1686007181
474,cody,44.5263,-109.0565,27.73,54,20,0.45,US,1686007181
475,hola,51.5377,23.1902,11.1,100,33,2.73,PL,1686007181
476,akonolinga,3.7667,12.25,20.63,99,100,0.84,CM,1686007182
477,barcelona,41.3888,2.159,21.53,75,20,1.54,ES,1686007182
478,ambovombe,-25.1667,46.0833,21.81,71,33,1.2,MG,1686007182
479,amga,60.8953,131.9608,12.93,56,99,2.95,RU,1686007182
480,cayambe,0.05,-78.1333,14.59,85,90,2.34,EC,1686007182
481,sharlyk,52.9167,54.75,14.05,63,74,4.18,RU,1686007182
482,malpica,43.3228,-8.8105,17.35,81,20,1.62,ES,1686007182
483,ghanzi,-21.5667,21.7833,14.01,28,0,3.22,BW,1686007182
484,mashhad,36.297,59.6062,22.08,43,0,2.06,IR,1686007183
485,hasaki,35.7333,140.8333,25.12,80,100,6.27,JP,1686007183
486,sieradz,51.5958,18.7302,15.77,61,99,3.22,PL,1686007183
487,qarauyl,48.9451,79.255,20.64,26,26,3.34,KZ,1686007183
488,lorengau,-2.0226,147.2712,29.12,74,10,3.84,PG,1686007183
489,saint george's,12.0564,-61.7485,27.41,86,75,5.81,GD,1686007183
490,magadan,59.5667,150.8,10.85,62,74,2.57,RU,1686007184
491,turbana,10.2717,-75.4422,29.45,81,100,3.56,CO,1686007184
492,sitka,57.0531,-135.33,10.94,71,75,4.12,US,1686007184
493,mount gambier,-37.8333,140.7667,14.17,84,34,4.77,AU,1686007184
494,visakhapatnam,17.69,83.2093,28.74,67,98,2.68,IN,1686007184
495,kruisfontein,-34.0033,24.7314,10.15,71,100,2.45,ZA,1686007184
496,kerikeri,-35.2268,173.9474,14.39,93,93,2.68,NZ,1686007185
497,rio grande,-32.035,-52.0986,12.06,72,81,2.76,BR,1686007185
498,mahina,-17.5065,-149.489,28.87,61,40,4.12,PF,1686007185
499,san mariano,7.5,126.0,25.38,89,99,0.34,PH,1686007185
500,tindouf,27.6711,-8.1474,25.11,31,100,8.86,DZ,1686007185
501,bilajer,40.5681,50.0378,22.9,78,0,7.2,AZ,1686007185
502,mangai,-4.05,19.5333,20.41,99,66,0.71,CD,1686007185
503,lazaro cardenas,17.9583,-102.2,28.81,67,26,4.53,MX,1686007186
504,pacific grove,36.6177,-121.9166,16.9,80,100,7.15,US,1686006974
505,braganca paulista,-22.94,-46.5556,12.8,84,2,1.45,BR,1686007186
506,carloforte,39.145,8.3058,19.53,80,0,1.2,IT,1686007186
507,prince george,53.9166,-122.753,16.69,35,100,5.14,CA,1686007186
508,valparaiso,-33.0393,-71.6273,18.29,78,0,2.57,CL,1686007186
509,belle fourche,44.6714,-103.8522,28.52,35,62,6.76,US,1686007186
510,colonia,50.9333,6.95,17.75,58,0,1.54,DE,1686007186
511,mournies,35.4764,24.0092,18.79,82,20,1.54,GR,1686007187
512,shalqar,47.8333,59.6,24.58,35,11,4.46,KZ,1686007187
513,vernon,50.2581,-119.2691,26.07,18,0,2.68,CA,1686007187
514,xai-xai,-25.0519,33.6442,22.57,72,87,6.83,MZ,1686007187
515,lincolnton,35.4737,-81.2545,23.7,76,100,0.45,US,1686007187
516,butembo,0.15,29.2833,13.77,96,87,1.12,CD,1686007187
517,somerset,40.5668,-74.5496,23.99,34,0,5.14,US,1686006901
518,verkhnevilyuysk,63.4453,120.3167,8.7,60,46,2.65,RU,1686007188
519,dzuunmod,48.2199,97.3744,10.95,63,11,1.13,MN,1686007188
520,itaituba,-4.2761,-55.9836,25.61,76,21,0.85,BR,1686007123
521,romodanovo,54.4275,45.3296,8.61,75,23,1.83,RU,1686007188
522,akureyri,65.6835,-18.0878,5.96,87,40,2.57,IS,1686007115
523,coquimbo,-29.9533,-71.3436,13.85,88,0,0.51,CL,1686007188
524,veinticinco de mayo,-35.4323,-60.1727,10.55,67,89,0.89,AR,1686007188
525,toliara,-23.35,43.6667,21.62,69,0,2.06,MG,1686007189
526,easton,40.6884,-75.2207,23.43,34,0,5.66,US,1686006985
527,cruzeiro do sul,-29.5128,-51.9853,17.27,90,95,0.8,BR,1686007189
528,carlos chagas,-17.7031,-40.7664,20.08,66,45,2.91,BR,1686007189
529,dzhambeyty,50.2536,52.595,18.22,84,96,1.33,KZ,1686007189
530,robertsport,6.7533,-11.3686,26.68,83,100,4.29,LR,1686007189
531,berkane,34.9084,-2.3461,20.82,73,84,1.22,MA,1686007189
532,afif,23.9065,42.9172,26.37,39,96,8.16,SA,1686007189
533,kurumkan,54.3,110.3,13.93,77,83,2.9,RU,1686007190
534,yung shue wan,22.2333,114.1167,29.26,82,27,0.45,HK,1686007190
535,mikhaylovka,50.06,43.2379,13.21,73,14,3.37,RU,1686007190
536,coronel dorrego,-38.7187,-61.2873,12.64,36,84,8.7,AR,1686007190
537,el bolson,-41.9667,-71.5167,7.7,100,100,2.65,AR,1686007190
538,tres lagoas,-20.7511,-51.6783,19.48,58,0,2.72,BR,1686007190
539,baranchinskiy,58.1617,59.6991,7.75,67,32,1.35,RU,1686007190
540,plastun,44.7561,136.2939,17.11,64,41,1.67,RU,1686007191
541,batticaloa,7.7102,81.6924,27.01,74,93,2.0,LK,1686007191
542,adrar,20.5022,-10.0711,30.18,18,18,4.74,MR,1686007191
543,fada,9.5667,8.3,21.43,93,78,1.07,NG,1686007191
544,vadso,70.0744,29.7487,3.49,81,75,6.69,NO,1686007191
545,mabaruma,8.2,-59.7833,25.34,88,39,2.03,GY,1686007191
546,petlawad,23.0,74.8,28.4,57,0,5.52,IN,1686007192
547,fort st. john,56.2499,-120.8529,15.94,33,75,3.09,CA,1686007011
548,nayudupet,13.9,79.9,31.42,50,83,3.68,IN,1686007192
549,karachev,53.1229,34.9852,8.57,83,79,1.99,RU,1686007192
550,apple valley,34.5008,-117.1859,25.17,35,45,9.37,US,1686007192
551,mahbubabad,17.6167,80.0167,30.22,58,76,2.96,IN,1686007192
552,mugia,43.1041,-9.2179,17.73,86,7,2.83,ES,1686007192
553,saudarkrokur,65.7461,-19.6394,7.85,73,79,1.16,IS,1686007193
554,cidreira,-30.1811,-50.2056,16.11,70,81,2.7,BR,1686007193
555,zinjibar,13.1287,45.3807,31.63,61,21,2.57,YE,1686007193
556,the pas,53.8251,-101.2541,31.01,51,0,8.23,CA,1686007193
557,balabac,7.9868,117.0645,27.76,79,100,5.83,PH,1686007193
558,hit,33.6416,42.8251,29.14,27,92,2.48,IQ,1686007193
559,monrovia,6.3005,-10.7969,25.82,85,100,3.76,LR,1686007193
560,buala,-8.145,159.5921,28.82,74,29,3.71,SB,1686007194
561,brandon,27.9378,-82.2859,31.03,64,0,5.66,US,1686006926
562,suva,-18.1416,178.4415,25.71,83,75,1.03,FJ,1686007194
563,plettenberg bay,-34.0527,23.3716,11.82,65,100,1.41,ZA,1686007194
564,kitami,43.8031,143.8908,16.7,60,5,1.31,JP,1686006932
565,panama city beach,30.1766,-85.8055,27.25,71,40,3.6,US,1686007194
566,barra de santo antonio,-9.4047,-35.5072,25.6,84,22,2.6,BR,1686007194
567,mandera,3.9366,41.867,26.82,64,79,7.59,KE,1686007195
